{"cameraMode":{"drawMode":0,"name":"Shaded","section":"Shading Mode"},"sceneLighting":false,"audioPlay":false,"sceneViewState":{"showFog":true,"showMaterialUpdate":false,"showSkybox":false,"showFlares":true,"showImageEffects":true,"showParticleSystems":true},"in2DMode":false,"pivot":{"x":0.6859999895095825,"y":1.6519999504089356,"z":1.0732011795043946},"rotation":{"x":-0.11224610358476639,"y":-0.8872891068458557,"z":0.33125555515289309,"w":-0.3006579875946045},"size":1.2139822244644166,"orthographic":false}