{"cameraMode":{"drawMode":0,"name":"Shaded","section":"Shading Mode"},"sceneLighting":true,"audioPlay":false,"sceneViewState":{"showFog":true,"showMaterialUpdate":false,"showSkybox":true,"showFlares":true,"showImageEffects":true,"showParticleSystems":true},"in2DMode":false,"pivot":{"x":0.12112438678741455,"y":0.8939731121063232,"z":1.0052125453948975},"rotation":{"x":-0.21665190160274507,"y":0.7310348153114319,"z":-0.26917847990989687,"w":-0.5883823037147522},"size":2.1292874813079836,"orthographic":false}