{"cameraMode":{"drawMode":0,"name":"Shaded","section":"Shading Mode"},"sceneLighting":false,"audioPlay":false,"sceneViewState":{"showFog":true,"showMaterialUpdate":false,"showSkybox":false,"showFlares":true,"showImageEffects":true,"showParticleSystems":true},"in2DMode":false,"pivot":{"x":-0.31101131439208987,"y":2.859999895095825,"z":11.6899995803833},"rotation":{"x":-0.19021812081336976,"y":-0.34109556674957278,"z":0.07060201466083527,"w":-0.9179024696350098},"size":36.35154342651367,"orthographic":false}