{"cameraMode":{"drawMode":0,"name":"Shaded","section":"Shading Mode"},"sceneLighting":false,"audioPlay":false,"sceneViewState":{"showFog":true,"showMaterialUpdate":false,"showSkybox":false,"showFlares":true,"showImageEffects":true,"showParticleSystems":true},"in2DMode":false,"pivot":{"x":0.6859999895095825,"y":1.6519999504089356,"z":1.0732011795043946},"rotation":{"x":-0.010612735524773598,"y":0.7753324508666992,"z":-0.013034934177994728,"w":-0.6313353776931763},"size":3.3139822483062746,"orthographic":false}